guest_id,first_name,last_name,email,phone,loyalty_member,full_name,loyalty_points
5000,Jimmy,Bridges,pcastro@example.org,+1-370-489-0667x7362,True,Jimmy Bridges,433
5001,Joshua,Bennett,zbrooks@example.org,707-577-9317,True,Joshua Bennett,6840
5002,Daniel,Alexander,andrew24@example.com,001-600-795-7219x09719,False,Daniel Alexander,0
5003,Billy,Arnold,loganvargas@example.com,001-327-453-2587x4834,False,Billy Arnold,0
5004,Brian,Waters,justin43@example.net,+1-345-884-4580x538,True,Brian Waters,13752
5005,Ashley,Grimes,charles82@example.com,3225503754,True,Ashley Grimes,19358
5006,Christina,Schmidt,gmills@example.org,001-640-858-9792x3988,False,Christina Schmidt,0
5007,Ryan,Castillo,wattsgregory@example.net,+1-793-860-0523x9051,False,Ryan Castillo,0
5008,Kathy,Lutz,marthaflores@example.org,958-279-5561,False,Kathy Lutz,0
5009,Destiny,Smith,eric51@example.net,932.899.9206x7242,True,Destiny Smith,1722
5010,Susan,Frye,cortega@example.org,(325)876-8960x300,True,Susan Frye,114
5011,Kevin,Johnson,marco25@example.com,404.981.3779,True,Kevin Johnson,19005
5012,Amy,Flores,lisadiaz@example.net,+1-533-553-1020,True,Amy Flores,5223
5013,Sonya,Mckay,christine32@example.net,001-921-772-0054x5520,True,Sonya Mckay,19042
5014,Nathan,Zimmerman,richard87@example.com,001-554-962-0234x4738,True,Nathan Zimmerman,5585
5015,Brian,Huffman,eric91@example.com,(701)604-8417x37560,True,Brian Huffman,10583
5016,Robert,Arnold,brownsarah@example.org,5665200533,False,Robert Arnold,0
5017,Christopher,Mcfarland,joseph89@example.org,3073449749,False,Christopher Mcfarland,0
5018,Jon,Foley,robert83@example.net,+1-463-674-1017,True,Jon Foley,5738
5019,Charlene,Welch,martinnicole@example.com,679.472.1060x18910,False,Charlene Welch,0
5020,Leonard,Smith,jeffrey63@example.net,001-339-433-0271x909,False,Leonard Smith,0
5021,Gerald,Henry,williamselizabeth@example.org,723-331-8348,True,Gerald Henry,404
5022,Mary,Sanchez,shawnpearson@example.org,278-733-0911,False,Mary Sanchez,0
5023,Jimmy,Cain,dclark@example.com,988.518.3831x33552,False,Jimmy Cain,0
5024,Christopher,Taylor,christinesmith@example.net,427.201.8257,False,Christopher Taylor,0
5025,Gloria,Thompson,christopher82@example.org,(208)276-9551,True,Gloria Thompson,16562
5026,Maria,Sandoval,smay@example.com,+1-928-712-1437,False,Maria Sandoval,0
5027,Teresa,Meyer,nathanhaynes@example.net,555-847-4798x4196,True,Teresa Meyer,4980
5028,Steven,Cruz,pmartinez@example.com,001-295-942-8138x5823,False,Steven Cruz,0
5029,Steve,Johnston,npeterson@example.net,001-404-931-9326,False,Steve Johnston,0
5030,David,Heath,dlee@example.com,(982)208-8382x5891,False,David Heath,0
5031,Sonya,Valdez,heather93@example.org,+1-889-854-9654x61074,False,Sonya Valdez,0
5032,Jacob,Nguyen,ashley17@example.net,5835797961,True,Jacob Nguyen,3127
5033,Rachael,Dunn,sstokes@example.org,333-450-8143,False,Rachael Dunn,0
5034,Jean,Baxter,faguilar@example.org,2049839011,False,Jean Baxter,0
5035,Diana,Jones,varnold@example.org,424.924.9345,False,Diana Jones,0
5036,Lauren,Frazier,vwallace@example.net,729.461.7902,True,Lauren Frazier,19107
5037,Diana,Sanchez,cobrien@example.org,516-578-4216x472,False,Diana Sanchez,0
5038,Kenneth,Hall,ericparsons@example.org,(845)867-8818,False,Kenneth Hall,0
5039,Richard,Phillips,zgibson@example.org,001-726-400-2082x169,False,Richard Phillips,0
5040,Kevin,Camacho,escobargary@example.net,001-572-846-0618x62768,True,Kevin Camacho,18397
5041,Kevin,Diaz,joseph68@example.net,855.684.8763,False,Kevin Diaz,0
5042,Susan,Hawkins,mmaxwell@example.com,293.476.3262x34066,False,Susan Hawkins,0
5043,Crystal,Spears,bryan93@example.org,+1-544-520-4585x0406,False,Crystal Spears,0
5044,Crystal,Taylor,jensenkimberly@example.com,+1-810-404-6052,True,Crystal Taylor,14406
5045,Justin,Sweeney,wgardner@example.com,487-696-1709x255,False,Justin Sweeney,0
5046,Thomas,Colon,thompsondavid@example.com,893.243.5779x1892,False,Thomas Colon,0
5047,Lauren,Robinson,amandasingh@example.net,+1-693-714-6375x28266,False,Lauren Robinson,0
5048,Katie,Jackson,shortchristine@example.net,(481)514-0997,False,Katie Jackson,0
5049,Tanya,Solis,kaufmantara@example.net,(573)218-4617x478,True,Tanya Solis,18916
5050,Valerie,Stephens,rbell@example.net,+1-302-460-0036x0419,False,Valerie Stephens,0
5051,Jennifer,Larson,angelatravis@example.com,697-707-4547x805,False,Jennifer Larson,0
5052,Jennifer,Williams,leslie72@example.org,719-289-8247x268,False,Jennifer Williams,0
5053,Daniel,Patel,ncrane@example.com,(595)281-3686x6956,False,Daniel Patel,0
5054,Keith,Myers,michael66@example.com,915.799.0585x597,False,Keith Myers,0
5055,William,Jimenez,dwilliams@example.com,(367)531-9616x18280,True,William Jimenez,18331
5056,Tony,Pope,wattsernest@example.net,001-314-718-3165x04163,False,Tony Pope,0
5057,Gary,Henderson,molly23@example.com,001-801-807-2349x48432,False,Gary Henderson,0
5058,Sara,Davidson,eschaefer@example.com,759-570-7149x629,False,Sara Davidson,0
5059,Vanessa,Cole,jackson68@example.org,858.432.2657x79192,False,Vanessa Cole,0
5060,Craig,Smith,robertrodriguez@example.com,001-384-608-6342x015,True,Craig Smith,16649
5061,Nicholas,Parker,richard32@example.com,(949)645-8189,True,Nicholas Parker,2102
5062,Cody,Weaver,mhanson@example.org,2019693016,True,Cody Weaver,16405
5063,Dawn,Cook,prattrobin@example.com,001-642-864-8395x47565,True,Dawn Cook,13177
5064,Daniel,Richards,gregorytorres@example.net,(509)736-2769x8529,True,Daniel Richards,15867
5065,Stephanie,Diaz,bcampos@example.com,(762)746-1025,False,Stephanie Diaz,0
5066,Jesse,Mueller,brandondixon@example.net,+1-657-379-4051x483,False,Jesse Mueller,0
5067,Debra,Moore,jared90@example.com,695.306.3212,False,Debra Moore,0
5068,Marcus,Andrade,reidfred@example.com,+1-943-781-7860x761,False,Marcus Andrade,0
5069,Glen,Walsh,jweiss@example.net,(599)478-1305x414,True,Glen Walsh,9526
5070,Craig,Carter,sandysmall@example.net,2523262197,False,Craig Carter,0
5071,Elizabeth,Reyes,fernandezannette@example.org,885.697.8390x2129,False,Elizabeth Reyes,0
5072,Julia,Williams,jaygoodman@example.net,340.215.2181,False,Julia Williams,0
5073,Christina,Horne,oproctor@example.org,932.859.4790,False,Christina Horne,0
5074,Scott,Howe,paigegonzalez@example.com,+1-393-923-3491,False,Scott Howe,0
5075,Robin,Chambers,mitchellthompson@example.org,894.790.0879x52929,True,Robin Chambers,17054
5076,Briana,Garcia,rodriguezjack@example.net,+1-639-634-4721x197,False,Briana Garcia,0
5077,Alexander,Contreras,zhanganna@example.org,586-873-0822x661,False,Alexander Contreras,0
5078,Harold,Shelton,bob77@example.net,295-341-4377,True,Harold Shelton,5148
5079,Nicholas,Payne,penny68@example.com,812.964.8709,False,Nicholas Payne,0
5080,Jennifer,Powell,jasoncollins@example.org,001-224-475-3199,False,Jennifer Powell,0
5081,Daniel,Osborne,oberg@example.org,(283)378-2292,False,Daniel Osborne,0
5082,Adrienne,Fletcher,sanchezelizabeth@example.org,(786)776-5467,False,Adrienne Fletcher,0
5083,Aaron,Taylor,griffinvictoria@example.net,821.991.4525,False,Aaron Taylor,0
5084,Phillip,Vance,chadclark@example.org,001-390-582-1449x68070,False,Phillip Vance,0
5085,Carla,Murphy,mckayjason@example.org,+1-755-832-5583,False,Carla Murphy,0
5086,Rachel,Stewart,williamweiss@example.net,329.960.6791,False,Rachel Stewart,0
5087,Sara,Stafford,gjohnson@example.net,224-796-8921x184,True,Sara Stafford,14726
5088,Kelly,Levy,ywilkerson@example.org,6385688923,True,Kelly Levy,13499
5089,Alex,Nicholson,goldendylan@example.org,+1-459-274-9192x54277,False,Alex Nicholson,0
5090,Christopher,Hayden,aaronhuffman@example.org,(379)570-9405,False,Christopher Hayden,0
5091,Tonya,Lawson,stephenjackson@example.org,001-268-681-8905x7745,False,Tonya Lawson,0
5092,Kyle,Long,andrew49@example.com,939.989.1102,False,Kyle Long,0
5093,John,Marshall,elizabeth47@example.net,427.787.8884x9299,False,John Marshall,0
5094,Kelly,Bell,moralesmatthew@example.org,764.225.7313x296,False,Kelly Bell,0
5095,Jennifer,Reed,josephpatterson@example.org,+1-898-565-4723x4759,False,Jennifer Reed,0
5096,Carolyn,Guzman,christineowens@example.com,745.453.5877x421,True,Carolyn Guzman,15261
5097,Melissa,Taylor,khall@example.com,873.996.2544,False,Melissa Taylor,0
5098,Evelyn,Morris,mahoneyjessica@example.net,336-878-3376x503,True,Evelyn Morris,4809
5099,Rebecca,Lane,ucameron@example.org,+1-823-316-8865,False,Rebecca Lane,0
5100,Daniel,Stephens,richard32@example.com,001-878-992-3686x51190,False,Daniel Stephens,0
5101,Daniel,Young,randallramos@example.org,776-277-2800,True,Daniel Young,12173
5102,Erin,Doyle,melanielandry@example.com,(735)840-3613,True,Erin Doyle,2668
5103,Heather,Moyer,dylanjohnson@example.org,241-346-6377x69604,False,Heather Moyer,0
5104,Amanda,Larson,millerspencer@example.org,+1-722-230-6681x862,False,Amanda Larson,0
5105,David,Garza,riverajennifer@example.net,847.271.1969x9927,False,David Garza,0
5106,Erica,Spence,angela99@example.com,+1-518-803-1560,False,Erica Spence,0
5107,Glenn,Richards,tammy06@example.net,6256519154,True,Glenn Richards,18534
5108,Barbara,Sullivan,stacyjohnson@example.org,(303)782-8831x539,False,Barbara Sullivan,0
5109,Lauren,Nelson,jamesalvarez@example.org,+1-683-371-7026x16670,False,Lauren Nelson,0
5110,Leonard,Smith,tlopez@example.net,240.757.0147,False,Leonard Smith,0
5111,Sydney,Lewis,scottking@example.net,001-700-341-8983x860,False,Sydney Lewis,0
5112,Michael,Tucker,john43@example.com,6488496995,False,Michael Tucker,0
5113,Wendy,Cruz,hhayden@example.net,628-733-4983x85862,False,Wendy Cruz,0
5114,Regina,Serrano,kelli63@example.net,(508)359-2636,True,Regina Serrano,5687
5115,Elizabeth,Riley,walkermegan@example.com,519.770.5910x7242,True,Elizabeth Riley,6311
5116,Daniel,Jenkins,joshualee@example.net,670-354-1318x0881,True,Daniel Jenkins,12410
5117,Bryan,Guerra,chernandez@example.net,(713)286-1309x07817,False,Bryan Guerra,0
5118,Shane,Johnson,nicole17@example.net,(349)620-6070,True,Shane Johnson,14984
5119,Christina,Gibson,qadkins@example.net,264.709.5056x30240,False,Christina Gibson,0
5120,Robert,Walters,sandovalelizabeth@example.com,5574704705,True,Robert Walters,18387
5121,Michael,Koch,kgarcia@example.net,+1-218-397-0361x096,False,Michael Koch,0
5122,Alan,Miles,jessica08@example.org,4824390733,True,Alan Miles,8993
5123,Paul,Jacobson,ian40@example.com,826.436.8100,False,Paul Jacobson,0
5124,Shawn,Lawrence,samuel61@example.org,7826139604,True,Shawn Lawrence,19074
5125,Linda,Campos,hfuentes@example.com,641.869.1197,False,Linda Campos,0
5126,Erin,Carr,sbrooks@example.com,354.525.4772x71633,True,Erin Carr,11949
5127,Erica,Weiss,millerchristine@example.net,+1-537-593-7881,True,Erica Weiss,17798
5128,Yvonne,Ford,katherine33@example.com,001-209-451-6427x53428,False,Yvonne Ford,0
5129,Carolyn,Smith,awolf@example.com,508.390.8478x989,False,Carolyn Smith,0
5130,Jo,Richardson,johnsonjonathan@example.com,(963)459-5379,False,Jo Richardson,0
5131,Johnny,Long,charlesriley@example.org,+1-346-273-4130x2250,False,Johnny Long,0
5132,Andrew,Rowland,christopher61@example.net,785-516-8551,False,Andrew Rowland,0
5133,Lauren,Walton,martinjohn@example.org,(568)371-0972x90969,False,Lauren Walton,0
5134,Jeremy,Vazquez,joneslarry@example.com,262-263-2716,False,Jeremy Vazquez,0
5135,Joshua,Farmer,jjohnson@example.net,(689)695-1106,False,Joshua Farmer,0
5136,April,Peterson,wesley18@example.org,311.736.1632x77909,False,April Peterson,0
5137,Kelli,Williams,ellisaustin@example.org,282-572-3798x90882,False,Kelli Williams,0
5138,Matthew,Nash,ashleygreer@example.org,897.635.9963x02420,False,Matthew Nash,0
5139,Brianna,Garrison,patrickmatthew@example.org,(861)349-0706,False,Brianna Garrison,0
5140,Mario,Ellis,brooksdevin@example.net,+1-337-610-9681x9645,False,Mario Ellis,0
5141,Benjamin,Sweeney,dawnsanchez@example.net,5512137589,True,Benjamin Sweeney,12736
5142,Stephen,Martin,amber38@example.net,248.965.6204x36454,False,Stephen Martin,0
5143,Christopher,Anderson,ramoslori@example.org,001-581-974-0385x969,True,Christopher Anderson,19568
5144,Kathryn,Howard,amberbanks@example.com,9477161368,False,Kathryn Howard,0
5145,Daniel,Schultz,nritter@example.org,001-349-567-2733x52454,False,Daniel Schultz,0
5146,Nicole,Jackson,greeneamanda@example.net,210.500.5293,False,Nicole Jackson,0
5147,David,Sparks,eric83@example.org,+1-804-229-4424x61650,False,David Sparks,0
5148,Stephanie,Hicks,nnguyen@example.net,700.686.8526x321,False,Stephanie Hicks,0
5149,Andrew,Kerr,lramos@example.com,798-930-3257x76296,False,Andrew Kerr,0
5150,Kelsey,Russell,robertobrien@example.org,(538)772-5062x8660,False,Kelsey Russell,0
5151,Brandy,Romero,ewade@example.net,325-722-0414,False,Brandy Romero,0
5152,Jennifer,Ewing,igentry@example.net,857-993-3555,False,Jennifer Ewing,0
5153,Kara,Hancock,rogerrhodes@example.org,768.670.1239x21161,False,Kara Hancock,0
5154,Donna,Ortiz,franciskyle@example.org,+1-217-405-4051,False,Donna Ortiz,0
5155,Michael,Robertson,foxcarrie@example.net,925.693.8361,False,Michael Robertson,0
5156,Kimberly,Miller,christine23@example.org,001-598-298-9108,False,Kimberly Miller,0
5157,Charles,Stafford,jamesronald@example.net,8807774114,False,Charles Stafford,0
5158,John,Jones,robert25@example.com,(945)707-2268,False,John Jones,0
5159,Susan,Johnson,daniel26@example.org,001-225-871-7760x9241,False,Susan Johnson,0
5160,Michael,Johnson,smithbrian@example.org,826.564.0451,True,Michael Johnson,12976
5161,Erica,Bryan,brose@example.org,361.352.6261x92766,False,Erica Bryan,0
5162,Joshua,Collins,francochristopher@example.net,273.556.2872x0348,False,Joshua Collins,0
5163,Lisa,Arroyo,kendravance@example.com,001-696-241-2058,False,Lisa Arroyo,0
5164,Luis,Sanders,abigailfleming@example.com,+1-223-674-0586x84618,False,Luis Sanders,0
5165,Jerry,Osborne,mendezadam@example.org,414-408-0109x459,True,Jerry Osborne,3369
5166,Pamela,Reynolds,jerrythomas@example.org,+1-572-257-7029x7576,False,Pamela Reynolds,0
5167,Bryan,James,brenda16@example.net,001-833-774-6486x92869,True,Bryan James,3270
5168,James,Randall,martinarthur@example.net,+1-204-894-6518x57201,True,James Randall,8226
5169,Victoria,Price,alexandramorrow@example.com,001-280-574-3988x6076,False,Victoria Price,0
5170,Shane,Mercer,salazarjeffery@example.org,001-206-897-5900,True,Shane Mercer,6412
5171,Kelly,Payne,jesus79@example.com,2238483057,False,Kelly Payne,0
5172,Nicole,Stewart,mrogers@example.net,+1-421-652-7885,False,Nicole Stewart,0
5173,Tiffany,Bond,hughesjennifer@example.com,368-407-1120x6092,True,Tiffany Bond,2737
5174,Tara,Gonzalez,millsandrea@example.net,(586)538-0256x130,True,Tara Gonzalez,3014
5175,Gary,Smith,buchananmargaret@example.net,968.629.1056x60659,False,Gary Smith,0
5176,Teresa,Williamson,ramirezjeremy@example.com,001-356-515-1543x8557,False,Teresa Williamson,0
5177,Kristina,Gonzalez,qwilliams@example.net,(662)205-2393,False,Kristina Gonzalez,0
5178,Patrick,Wright,antoniohood@example.net,+1-710-359-4507x910,True,Patrick Wright,10101
5179,Carmen,Jones,swilliams@example.net,678.810.2846x14942,True,Carmen Jones,5667
5180,Michelle,Wallace,michaelfinley@example.net,543.683.4467,True,Michelle Wallace,12473
5181,Matthew,Lawson,whaas@example.com,745-682-8222,False,Matthew Lawson,0
5182,Andrew,Jacobson,sara52@example.com,8687725942,False,Andrew Jacobson,0
5183,Jenna,Malone,robinsontravis@example.net,+1-202-893-6569,False,Jenna Malone,0
5184,Katherine,Thomas,ralph00@example.net,697.704.5199x367,False,Katherine Thomas,0
5185,Debra,Martinez,scottbrown@example.org,393.262.4614x285,False,Debra Martinez,0
5186,Mark,Moore,ricky66@example.com,001-809-432-1176x309,False,Mark Moore,0
5187,Benjamin,Moody,uvillarreal@example.com,594-499-1622x92473,False,Benjamin Moody,0
5188,Melanie,Stanley,jessica05@example.org,544.380.6405x25564,False,Melanie Stanley,0
5189,Matthew,Matthews,patrickclarke@example.net,+1-575-963-1021,True,Matthew Matthews,10483
5190,Andrew,Stanley,fallen@example.org,001-821-497-7382,True,Andrew Stanley,643
5191,Mitchell,White,grantcynthia@example.net,455.985.3558x18669,False,Mitchell White,0
5192,Maria,Gonzales,johnlove@example.net,292.812.6574x313,False,Maria Gonzales,0
5193,Jennifer,Davidson,lisavalenzuela@example.org,321.541.4829,False,Jennifer Davidson,0
5194,Andrew,Smith,april21@example.com,703-486-1441,False,Andrew Smith,0
5195,Carolyn,Parker,briannaallen@example.com,(399)514-6378,True,Carolyn Parker,9113
5196,Darrell,Lyons,tammysaunders@example.org,(567)392-7685x3699,True,Darrell Lyons,661
5197,Walter,Mcintyre,blake55@example.com,+1-958-962-2308x95816,False,Walter Mcintyre,0
5198,Amber,Nguyen,grodriguez@example.com,(555)539-8672x99119,False,Amber Nguyen,0
5199,Joseph,Barnes,william91@example.com,(270)996-9018,False,Joseph Barnes,0
5200,Belinda,Greene,tyates@example.com,(570)527-3518x17091,False,Belinda Greene,0
5201,Heather,Reyes,eharvey@example.org,001-826-830-9169,True,Heather Reyes,6971
5202,Jeremy,Miller,vprince@example.net,239-407-2831x1836,False,Jeremy Miller,0
5203,Maria,Neal,nsteele@example.org,206.221.7539,False,Maria Neal,0
5204,Martin,Hall,veronicagibson@example.org,+1-643-206-4362x3361,False,Martin Hall,0
5205,Christopher,Todd,ophillips@example.net,(354)815-1357x289,False,Christopher Todd,0
5206,Robert,Brown,michael22@example.net,001-479-404-1600x41782,True,Robert Brown,9410
5207,Mary,Miller,cheyennemoody@example.com,001-684-728-1127,False,Mary Miller,0
5208,Becky,Nguyen,howeapril@example.net,917.486.4869x387,False,Becky Nguyen,0
5209,Benjamin,Wallace,lynchstefanie@example.com,(956)780-2491,False,Benjamin Wallace,0
5210,Rodney,Oconnor,debradavis@example.org,3963973458,True,Rodney Oconnor,8382
5211,David,Brennan,cochrankenneth@example.org,(312)401-4426x63250,True,David Brennan,10029
5212,Shawn,Stewart,baileyjohnston@example.org,(268)420-5598,False,Shawn Stewart,0
5213,Robin,Mcdonald,troyhoward@example.org,595-527-2299,True,Robin Mcdonald,7726
5214,Corey,Ortiz,scottrobert@example.net,001-817-702-0017,False,Corey Ortiz,0
5215,Austin,Best,smcmillan@example.net,779-804-5778x2115,False,Austin Best,0
5216,Angela,Torres,flarson@example.net,825.209.4152x7650,False,Angela Torres,0
5217,Laura,Gates,greertodd@example.net,832.878.9552x51844,True,Laura Gates,433
5218,Cassandra,Anderson,natalie86@example.org,001-316-302-6163x2793,False,Cassandra Anderson,0
5219,Taylor,Rodriguez,wintersjoshua@example.org,6355357715,False,Taylor Rodriguez,0
5220,Stephen,Hill,deborah94@example.net,2445470366,False,Stephen Hill,0
5221,Kent,Tucker,tanderson@example.net,(813)816-5540x4941,False,Kent Tucker,0
5222,Corey,Lewis,ksmith@example.com,5497325425,True,Corey Lewis,6158
5223,Maria,Boyd,shernandez@example.net,4188766982,False,Maria Boyd,0
5224,Derrick,Wheeler,thomasleblanc@example.com,5059481680,True,Derrick Wheeler,13557
5225,Alison,Scott,john62@example.org,(362)529-1288x5280,False,Alison Scott,0
5226,Meghan,Williams,susan84@example.com,001-856-708-6948x1578,True,Meghan Williams,1439
5227,Erin,Gonzalez,martin34@example.com,(374)603-9530x038,False,Erin Gonzalez,0
5228,Luis,Mendoza,mary58@example.net,266-742-8974,False,Luis Mendoza,0
5229,Emily,Bowen,gainesregina@example.org,679-273-0205x14379,False,Emily Bowen,0
5230,Tara,Montoya,masonmichael@example.net,001-354-318-5809x476,True,Tara Montoya,8971
5231,Emma,Davis,martinerica@example.com,001-698-470-0761x204,False,Emma Davis,0
5232,Kristy,Adams,eramos@example.net,(500)286-4125x162,False,Kristy Adams,0
5233,Elizabeth,Dennis,marnold@example.net,(971)758-0069,False,Elizabeth Dennis,0
5234,Timothy,Rubio,laramarc@example.com,(623)942-2856x9376,True,Timothy Rubio,6617
5235,Matthew,Butler,donald02@example.net,001-357-535-3884x17251,False,Matthew Butler,0
5236,Jerry,Shaw,qstephens@example.net,+1-300-293-1709x46317,False,Jerry Shaw,0
5237,Krystal,Guerrero,raymond66@example.com,(972)812-8258,False,Krystal Guerrero,0
5238,Brittany,Watson,baldwinrichard@example.org,794.339.2782x81180,False,Brittany Watson,0
5239,Ariana,Wallace,alexisallen@example.org,725.732.1613x8041,True,Ariana Wallace,6466
5240,Alexis,Smith,peggy79@example.net,(679)833-8489x445,True,Alexis Smith,11317
5241,Monica,Fuller,ibailey@example.net,803.705.8503,False,Monica Fuller,0
5242,Joshua,Henry,joanna83@example.net,(695)515-3258,True,Joshua Henry,11851
5243,Clifford,Bailey,holly87@example.com,779-834-6616,False,Clifford Bailey,0
5244,Dustin,Carter,watkinsroberto@example.org,339-405-2333,True,Dustin Carter,3465
5245,Dominic,Smith,yvonnehull@example.org,(996)335-5326,True,Dominic Smith,2794
5246,Ricardo,Warren,ncampbell@example.com,(988)536-9642x1282,False,Ricardo Warren,0
5247,Patricia,Peterson,carriematthews@example.org,(616)728-9653x3996,True,Patricia Peterson,8534
5248,Shawn,Allen,harold93@example.net,(982)290-0623,False,Shawn Allen,0
5249,Richard,Ray,jensenangela@example.org,001-281-261-0614x9297,True,Richard Ray,6762
5250,Michael,Woods,bryanharmon@example.net,001-326-548-9290x597,False,Michael Woods,0
5251,Ronald,Schwartz,hannah65@example.com,+1-531-560-4902,False,Ronald Schwartz,0
5252,Richard,Nelson,michelle66@example.com,+1-472-971-8265x1737,False,Richard Nelson,0
5253,Brenda,Hernandez,wandrews@example.com,996-367-2400x2014,False,Brenda Hernandez,0
5254,James,Jacobs,katie79@example.org,(640)680-7351,True,James Jacobs,17341
5255,Angela,Gallegos,coreystephens@example.com,(339)297-5097x64154,False,Angela Gallegos,0
5256,Mary,Barrett,zle@example.org,001-989-418-5663x0516,False,Mary Barrett,0
5257,Todd,Parks,laurennunez@example.org,(401)313-6317x882,True,Todd Parks,10274
5258,Marilyn,Dickerson,ericsmith@example.org,001-991-337-4143x7766,False,Marilyn Dickerson,0
5259,Leslie,Reed,martinezfrederick@example.org,001-782-298-2367x872,True,Leslie Reed,19801
5260,Rebecca,Roberts,danny59@example.com,(974)537-7058x0188,True,Rebecca Roberts,1390
5261,Becky,Soto,kyle17@example.org,+1-408-321-1442x52940,False,Becky Soto,0
5262,Jeanette,Jones,michael65@example.net,994.430.5503,False,Jeanette Jones,0
5263,David,Sullivan,washingtondavid@example.net,927-479-8724x650,False,David Sullivan,0
5264,Kenneth,Lyons,bethanymartinez@example.net,673.411.8729x993,True,Kenneth Lyons,10842
5265,Martin,Miles,annettetucker@example.com,876-633-7525x95325,False,Martin Miles,0
5266,Brian,Rodgers,tnunez@example.com,870-345-7674x74759,False,Brian Rodgers,0
5267,Alan,Rivera,qcampbell@example.net,+1-653-643-7453x2574,False,Alan Rivera,0
5268,Daniel,Carr,jessicatodd@example.com,+1-667-496-5883x43708,True,Daniel Carr,9391
5269,Tonya,Perez,nathaniel44@example.org,+1-719-753-3096x2512,False,Tonya Perez,0
5270,Pamela,Wilson,terrencegarcia@example.org,8603116194,False,Pamela Wilson,0
5271,Gina,Murphy,laurenross@example.com,001-486-301-2563x759,False,Gina Murphy,0
5272,Danielle,Stuart,mcmahontrevor@example.net,001-518-330-5106x62550,True,Danielle Stuart,18392
5273,Rachel,Nelson,yvonne25@example.org,396-388-9078x892,False,Rachel Nelson,0
5274,Philip,Pierce,hosborn@example.com,(837)852-2312,True,Philip Pierce,18027
5275,Elizabeth,Frost,makayla45@example.com,+1-790-370-5907x935,False,Elizabeth Frost,0
5276,Danny,Rodriguez,kathy95@example.net,914-340-7475x3434,True,Danny Rodriguez,12746
5277,Kenneth,Duncan,nixonsandra@example.org,001-926-900-8952,False,Kenneth Duncan,0
5278,Angela,Klein,ebell@example.org,431-579-3921x932,False,Angela Klein,0
5279,Peter,Acosta,duartesheila@example.net,(515)796-6983x664,False,Peter Acosta,0
5280,Gary,Davila,kimberly25@example.net,+1-966-741-1410,True,Gary Davila,18758
5281,Alison,Anderson,durhamnicole@example.com,001-327-218-6741x32574,True,Alison Anderson,10822
5282,Jennifer,Everett,deanmorales@example.org,577.338.2208x8069,True,Jennifer Everett,2195
5283,James,Schmidt,ycraig@example.org,001-251-588-1542x631,False,James Schmidt,0
5284,Alicia,Bowen,sarnold@example.org,421-830-5051,False,Alicia Bowen,0
5285,Brenda,Miller,rnguyen@example.org,766.263.0981,False,Brenda Miller,0
5286,Mary,Jenkins,drojas@example.org,847.361.7516x647,True,Mary Jenkins,16694
5287,John,Maldonado,nathan75@example.com,+1-641-352-7616x56790,False,John Maldonado,0
5288,Christy,Ramirez,natalielarson@example.net,254-892-0767x094,False,Christy Ramirez,0
5289,Shawn,Williams,laurenmartin@example.com,681.745.2816x977,False,Shawn Williams,0
5290,Diana,Sanchez,robert27@example.com,240-573-2394x33862,True,Diana Sanchez,11905
5291,Joshua,Fitzpatrick,msmith@example.org,+1-773-201-9082x46635,True,Joshua Fitzpatrick,15978
5292,Nancy,Hill,paynestacy@example.org,+1-747-968-7320x3635,True,Nancy Hill,18371
5293,Brittney,Fisher,owebster@example.com,+1-455-501-0565,False,Brittney Fisher,0
5294,Annette,Rivera,cabreranicole@example.org,479.506.6758x9863,False,Annette Rivera,0
5295,Hector,Bowers,tammy82@example.net,(744)828-7334,False,Hector Bowers,0
5296,Samantha,Chandler,abell@example.org,5424479673,False,Samantha Chandler,0
5297,Ashley,Hudson,smithjacqueline@example.org,948-870-7126x324,False,Ashley Hudson,0
5298,Cynthia,Curry,williamwilliams@example.net,+1-449-576-3840x790,False,Cynthia Curry,0
5299,Alejandro,Clark,eburns@example.org,+1-245-466-8767x502,False,Alejandro Clark,0
5300,Billy,Burgess,kellerchristopher@example.net,(336)944-9152x9385,False,Billy Burgess,0
5301,Greg,Wiggins,georgethomas@example.org,+1-241-566-8052x442,False,Greg Wiggins,0
5302,Steven,Williams,along@example.net,492-444-3477x030,False,Steven Williams,0
5303,Elizabeth,Parker,coxkeith@example.com,001-885-988-7502,False,Elizabeth Parker,0
5304,Erin,Hall,roger12@example.net,001-322-445-4505x145,True,Erin Hall,8717
5305,Lisa,Yang,uvillarreal@example.org,(475)842-8052x9633,True,Lisa Yang,12757
5306,Patty,Armstrong,fgarcia@example.com,582-380-4964x1379,True,Patty Armstrong,241
5307,Lori,Coffey,grobinson@example.com,(998)873-6777,True,Lori Coffey,5632
5308,Charlotte,Chambers,boconnell@example.org,648-291-8672,False,Charlotte Chambers,0
5309,Sarah,Welch,jeremy43@example.com,(273)238-4405,True,Sarah Welch,6614
5310,Jennifer,Martinez,nreed@example.net,+1-653-451-1836x712,True,Jennifer Martinez,14556
5311,Michael,Shaw,sarah02@example.net,001-628-905-0237x57200,True,Michael Shaw,19932
5312,Eric,Barrett,jerry80@example.org,694-620-4264x42906,False,Eric Barrett,0
5313,Miguel,Gonzalez,josephferguson@example.com,+1-992-895-4965x300,False,Miguel Gonzalez,0
5314,Sheri,Hampton,julievargas@example.net,431-706-4807,False,Sheri Hampton,0
5315,Gabrielle,Gonzalez,catherine15@example.net,5102736601,True,Gabrielle Gonzalez,4782
5316,Sharon,Taylor,vanessadavid@example.com,001-481-709-6178x49814,False,Sharon Taylor,0
5317,Thomas,Henry,stuartelizabeth@example.org,336-545-5824x27610,False,Thomas Henry,0
5318,Steven,Turner,fmorris@example.com,427.977.9083x16271,False,Steven Turner,0
5319,Brad,Bell,riosbrandon@example.net,2449747878,True,Brad Bell,1115
5320,Tammy,Nelson,joycejeffrey@example.org,(216)581-5238x345,False,Tammy Nelson,0
5321,Edward,Oliver,michael83@example.com,(574)436-8026,True,Edward Oliver,4616
5322,John,Harris,joe33@example.net,6617511815,True,John Harris,4670
5323,Melissa,Peterson,obailey@example.org,001-325-696-2160x93528,False,Melissa Peterson,0
5324,Angela,White,oclark@example.net,863-312-4382,False,Angela White,0
5325,Jennifer,Campbell,hhartman@example.net,(999)718-0473x55318,False,Jennifer Campbell,0
5326,Patrick,Ashley,bowmanpaula@example.org,+1-327-273-0417x68412,False,Patrick Ashley,0
5327,Audrey,Dean,thomasdavis@example.net,2413542350,False,Audrey Dean,0
5328,Andrew,Green,sabrinacollins@example.net,(238)457-7769,True,Andrew Green,1330
5329,Patricia,Davis,timothy39@example.net,(383)348-3331,False,Patricia Davis,0
5330,Sara,Miller,zterrell@example.org,535.698.8435,False,Sara Miller,0
5331,Mario,Conrad,benjaminsanchez@example.com,561.254.4389,False,Mario Conrad,0
5332,Samantha,Nguyen,robertjenkins@example.com,2215645406,False,Samantha Nguyen,0
5333,Melissa,Bailey,jessica86@example.org,5107344030,False,Melissa Bailey,0
5334,Lisa,Lee,brenda16@example.com,841-949-7156x30646,False,Lisa Lee,0
5335,William,Mcdonald,mellis@example.net,866-410-0913x1000,True,William Mcdonald,15124
5336,Anthony,Blake,susanjackson@example.com,+1-734-447-4449x1268,False,Anthony Blake,0
5337,Steven,Jimenez,hortonsarah@example.com,536-388-6795,False,Steven Jimenez,0
5338,Charles,Anderson,katherineheath@example.com,+1-793-443-6419x17638,False,Charles Anderson,0
5339,Jacqueline,Williams,pcollins@example.com,+1-956-285-4084x410,False,Jacqueline Williams,0
5340,Anthony,Melendez,david21@example.org,+1-512-564-5239x24252,False,Anthony Melendez,0
5341,Kelly,Stout,jessica70@example.net,670-520-7360x40761,True,Kelly Stout,18901
5342,Scott,Walker,nathan39@example.org,(414)317-6428,False,Scott Walker,0
5343,Kristin,Martin,brandythomas@example.org,997-282-5786x2322,False,Kristin Martin,0
5344,Christopher,Evans,angela72@example.org,+1-484-774-5055x9419,True,Christopher Evans,11906
5345,Mario,West,tracy52@example.org,962.902.4747,True,Mario West,8702
5346,John,Hernandez,lisamorris@example.org,(868)602-0985,False,John Hernandez,0
5347,Tanner,Rodriguez,emurphy@example.org,7719090730,True,Tanner Rodriguez,18520
5348,Erin,Moore,rachel55@example.com,+1-596-406-1617,False,Erin Moore,0
5349,Joshua,Le,stephenli@example.org,(400)980-9002x8554,False,Joshua Le,0
5350,Steven,Russell,ashley18@example.net,(586)786-6902x1048,True,Steven Russell,14076
5351,Marvin,Matthews,spatrick@example.net,+1-554-845-1785x6153,False,Marvin Matthews,0
5352,Carlos,Cooper,vickie12@example.org,(639)721-9069x3067,False,Carlos Cooper,0
5353,Dominic,Hernandez,davisalexandria@example.org,876.984.9998,False,Dominic Hernandez,0
5354,Mark,Caldwell,michele42@example.org,(639)312-5805,False,Mark Caldwell,0
5355,Kathryn,Mclaughlin,eobrien@example.net,222.753.0812x79234,False,Kathryn Mclaughlin,0
5356,Taylor,Powell,richardjordan@example.com,001-202-305-4784x89836,True,Taylor Powell,691
5357,Samuel,Rogers,moralesjacqueline@example.com,509.521.7331,True,Samuel Rogers,1537
5358,David,Davis,jonesjames@example.org,001-904-225-2926x885,False,David Davis,0
5359,Whitney,Hoffman,lindseyramirez@example.org,+1-651-264-2778x016,False,Whitney Hoffman,0
5360,Katherine,Johnson,palmerjorge@example.org,3315151737,True,Katherine Johnson,5076
5361,Lynn,Reyes,sbarnes@example.net,(840)730-1880x763,False,Lynn Reyes,0
5362,Erica,Keith,yswanson@example.net,569.537.9133,True,Erica Keith,16927
5363,Toni,Sanders,harrisonkaren@example.com,985.959.2976x9508,True,Toni Sanders,102
5364,George,Daniel,kreynolds@example.net,630.522.8133,False,George Daniel,0
5365,Samuel,Pugh,johnny14@example.org,3107089755,False,Samuel Pugh,0
5366,Elizabeth,Rogers,manuel87@example.net,(510)906-2049x58333,True,Elizabeth Rogers,13706
5367,Melissa,Gallagher,stacyjohnston@example.com,(364)513-4440,False,Melissa Gallagher,0
5368,Barbara,Taylor,stephaniefernandez@example.org,+1-395-468-7112x34392,False,Barbara Taylor,0
5369,Jeffrey,Schwartz,maryjones@example.net,499-480-6392,False,Jeffrey Schwartz,0
5370,Tyler,Maynard,douglasemily@example.net,350-744-3861,False,Tyler Maynard,0
5371,Danielle,Mcintyre,saramorris@example.com,001-428-471-2043x17566,False,Danielle Mcintyre,0
5372,Kevin,Sims,smontoya@example.org,+1-511-961-2226x3111,True,Kevin Sims,1807
5373,Susan,Ward,michelle71@example.com,001-330-878-5994x773,False,Susan Ward,0
5374,Laura,Hardin,danielmartinez@example.com,868-753-6848,False,Laura Hardin,0
5375,Lisa,Johnson,ashleymartin@example.com,+1-276-215-1513x6060,False,Lisa Johnson,0
5376,George,Deleon,rhonda92@example.com,819-674-1943x905,False,George Deleon,0
5377,Elizabeth,Hudson,laura36@example.org,8523868501,False,Elizabeth Hudson,0
5378,Ann,Harris,jacksonbrian@example.org,001-276-915-0549,False,Ann Harris,0
5379,Clinton,Wright,juan56@example.com,+1-457-622-5563,True,Clinton Wright,8498
5380,Pamela,Harris,ecastro@example.net,551-887-0957x3426,True,Pamela Harris,19958
5381,Wendy,Martinez,christopher70@example.net,+1-589-955-9751,False,Wendy Martinez,0
5382,Holly,Gilbert,brian68@example.com,4044406242,True,Holly Gilbert,12346
5383,Cheyenne,Smith,xhess@example.com,9804861128,True,Cheyenne Smith,11835
5384,Michelle,Jenkins,odomrussell@example.net,(321)247-6999x454,True,Michelle Jenkins,13026
5385,Stephanie,Gay,andrew51@example.com,855-983-3248x8730,True,Stephanie Gay,575
5386,Anthony,Miller,garysmith@example.org,733-922-2367x490,False,Anthony Miller,0
5387,Andrea,Perez,mike19@example.net,001-476-212-9608x046,False,Andrea Perez,0
5388,Alexis,Robles,harrisrichard@example.org,+1-931-958-6599,True,Alexis Robles,13499
5389,Jose,Casey,wilsonheather@example.com,355-240-1874,False,Jose Casey,0
5390,David,Horne,xestes@example.com,001-744-242-1925x766,True,David Horne,5019
5391,Jennifer,Page,ssawyer@example.org,952.978.2711,False,Jennifer Page,0
5392,Crystal,Morrison,morrissarah@example.org,+1-529-688-6956x0355,False,Crystal Morrison,0
5393,Alyssa,Dunn,joshuamartinez@example.org,207-340-4410x742,False,Alyssa Dunn,0
5394,Meghan,Wilson,williamwells@example.org,532-227-8297x943,True,Meghan Wilson,15263
5395,Becky,Burton,woodschristina@example.com,001-832-994-3968x53323,False,Becky Burton,0
5396,Amber,Monroe,tphillips@example.net,+1-593-730-4619x8747,True,Amber Monroe,1573
5397,Todd,Harris,antoniodalton@example.com,479.747.3051,False,Todd Harris,0
5398,Diana,Swanson,michael95@example.org,(559)348-1362x718,False,Diana Swanson,0
5399,Mario,Garner,scott43@example.org,314-244-2713x1400,False,Mario Garner,0
5400,Matthew,Cruz,michaelfitzpatrick@example.com,9355620666,False,Matthew Cruz,0
5401,Kevin,Williams,john16@example.com,001-976-441-0507,False,Kevin Williams,0
5402,Laura,Miles,ijones@example.net,(495)434-2736,False,Laura Miles,0
5403,Bobby,Wright,jessicaflowers@example.com,302.929.4327,False,Bobby Wright,0
5404,James,Perry,lauraberg@example.org,561.863.9671x07049,False,James Perry,0
5405,Christina,Edwards,dorothy04@example.org,(706)897-7492x6606,False,Christina Edwards,0
5406,Patricia,Ellison,maldonadokatie@example.net,8174941150,False,Patricia Ellison,0
5407,Joshua,Price,tayloranthony@example.com,(459)297-5237,False,Joshua Price,0
5408,Jason,Blake,prattjason@example.com,001-708-230-3143,True,Jason Blake,31
5409,Michael,Shaw,wmiller@example.net,825-565-4832,True,Michael Shaw,2828
5410,Donna,Cantu,greendavid@example.net,(264)734-3216x888,True,Donna Cantu,18839
5411,Emily,Taylor,kellyreeves@example.net,673-206-8838,False,Emily Taylor,0
5412,Michael,Mora,gwashington@example.net,001-504-716-9049x60078,True,Michael Mora,15250
5413,George,Coleman,michelle63@example.com,(416)910-5106,False,George Coleman,0
5414,Jennifer,Martin,jacklopez@example.net,987-366-0511,False,Jennifer Martin,0
5415,Michael,Christian,jacobhuffman@example.net,5945294945,False,Michael Christian,0
5416,Frederick,Thompson,eric80@example.net,529-740-0667x6218,True,Frederick Thompson,15700
5417,Sean,Miller,patricia76@example.com,001-757-531-4612x04333,False,Sean Miller,0
5418,John,Brown,sabrina51@example.org,+1-674-499-7288x4181,True,John Brown,17012
5419,Jesse,Mendoza,brianwilson@example.org,+1-597-716-7808,True,Jesse Mendoza,10825
5420,Paul,Tanner,jessicaperry@example.net,673-598-2833x752,False,Paul Tanner,0
5421,Daniel,Bradley,ellenreyes@example.net,(784)433-6126,True,Daniel Bradley,16426
5422,Andrew,Kramer,jacksonjose@example.com,220.274.9660x3586,False,Andrew Kramer,0
5423,Jennifer,Lara,sallydavis@example.net,463-649-4998,False,Jennifer Lara,0
5424,Veronica,Shaw,tammy68@example.net,(491)986-0596x224,True,Veronica Shaw,15200
5425,Lucas,Marsh,kimtrujillo@example.org,735.484.9805x4752,False,Lucas Marsh,0
5426,Adam,Schaefer,ulopez@example.org,232.757.0784x143,False,Adam Schaefer,0
5427,Diane,Phillips,james56@example.net,+1-779-633-0633,True,Diane Phillips,3072
5428,Kelsey,Yang,andrew06@example.com,460-807-7713x020,True,Kelsey Yang,18486
5429,Rodney,Horne,burgessjohn@example.com,+1-985-518-0523x22650,False,Rodney Horne,0
5430,Christopher,Gordon,dbranch@example.com,001-939-737-8039x98351,False,Christopher Gordon,0
5431,Andrea,Warren,christinacervantes@example.org,001-262-521-6715x078,False,Andrea Warren,0
5432,Joseph,Frank,wrightdavid@example.com,608.956.3855x33969,False,Joseph Frank,0
5433,Julian,Green,baileysierra@example.org,001-747-511-5615x61143,True,Julian Green,10935
5434,Trevor,Bridges,hparker@example.org,(311)635-9119,False,Trevor Bridges,0
5435,James,Irwin,todd79@example.org,+1-511-322-3714x433,True,James Irwin,3237
5436,Shawna,Copeland,jonathanbartlett@example.net,(581)475-8790x3062,False,Shawna Copeland,0
5437,Cindy,Gonzales,lisagarcia@example.org,8956945091,False,Cindy Gonzales,0
5438,Albert,Barajas,jasonbright@example.com,204-251-2583x91905,False,Albert Barajas,0
5439,Susan,Andrade,reesejohn@example.net,686.815.3835,False,Susan Andrade,0
5440,Max,Larson,joshua59@example.org,+1-714-724-5017,False,Max Larson,0
5441,Elizabeth,Gray,joshuatownsend@example.com,+1-661-447-5259,False,Elizabeth Gray,0
5442,Brent,Rodriguez,gmay@example.org,2144085819,False,Brent Rodriguez,0
5443,Robert,Tanner,khernandez@example.net,2018722808,True,Robert Tanner,5638
5444,Marie,Townsend,walkerbrittany@example.net,+1-915-997-5602x29237,False,Marie Townsend,0
5445,Tracy,Smith,patrick91@example.org,689.325.5204,False,Tracy Smith,0
5446,Devon,Leblanc,victoria46@example.org,920-316-8051x859,True,Devon Leblanc,18090
5447,Joseph,Bell,melissawarner@example.com,(756)854-6233,False,Joseph Bell,0
5448,Dennis,Pacheco,robbinsbrenda@example.com,001-608-631-1335x52061,False,Dennis Pacheco,0
5449,Sarah,Ramirez,langlaurie@example.org,465-577-3550x4115,False,Sarah Ramirez,0
5450,Travis,Rodriguez,mroberts@example.com,9776048168,False,Travis Rodriguez,0
5451,Rhonda,Fox,warrenmichael@example.com,389.603.2718,False,Rhonda Fox,0
5452,Theresa,Johnson,jbrennan@example.org,(812)917-5364,False,Theresa Johnson,0
5453,Anna,Ellis,kerickson@example.org,660-395-8634x95972,False,Anna Ellis,0
5454,Susan,Kelley,joshuasalas@example.net,(640)290-0585x846,True,Susan Kelley,1922
5455,Melissa,Hill,garzatina@example.com,394-613-5032x394,True,Melissa Hill,19390
5456,Meghan,Smith,laurenscott@example.net,713-903-0616x74843,False,Meghan Smith,0
5457,James,White,elizabethhines@example.net,614.356.7015,True,James White,16003
5458,Laura,Porter,jennifer70@example.com,9582564376,False,Laura Porter,0
5459,Angela,Mora,emontoya@example.com,+1-512-682-9613x6383,False,Angela Mora,0
5460,Tanner,Le,davisraymond@example.org,614.427.5932x48769,True,Tanner Le,8339
5461,Tammy,Caldwell,mspencer@example.net,(469)299-7145x0888,False,Tammy Caldwell,0
5462,Destiny,Petersen,anthonyibarra@example.com,(399)400-4944x06675,False,Destiny Petersen,0
5463,Jason,Allen,fgonzalez@example.org,(679)814-4526,False,Jason Allen,0
5464,Sarah,Ford,dkim@example.com,(295)585-9685x9736,True,Sarah Ford,1278
5465,Amy,Rodriguez,katieking@example.net,+1-385-299-1669x6165,True,Amy Rodriguez,11609
5466,Donna,Sanders,joseph84@example.com,001-328-442-1010x99358,False,Donna Sanders,0
5467,Ashley,Cook,avilajill@example.org,001-254-955-6043,False,Ashley Cook,0
5468,Rachel,Bryant,xluna@example.com,001-837-726-6515,False,Rachel Bryant,0
5469,Rodney,Guerrero,stephenmcguire@example.org,(797)467-4368,True,Rodney Guerrero,9722
5470,Sheila,Vang,dmoore@example.org,001-625-936-4012x19126,False,Sheila Vang,0
5471,Andrew,Floyd,joseph87@example.org,339-205-2051x246,False,Andrew Floyd,0
5472,Felicia,Mitchell,jbullock@example.net,351-991-8155x3668,True,Felicia Mitchell,2141
5473,Donna,Cooper,christian15@example.org,+1-645-548-3765x76298,False,Donna Cooper,0
5474,Kenneth,Gregory,michelledaniel@example.org,+1-468-603-2392x85095,True,Kenneth Gregory,3422
5475,Christy,Bailey,gordonmichelle@example.net,+1-492-680-1679x4863,True,Christy Bailey,19109
5476,Sarah,Saunders,vbrown@example.org,+1-715-229-1716x2493,False,Sarah Saunders,0
5477,Denise,Leonard,alexis37@example.net,(401)739-5954,False,Denise Leonard,0
5478,Christopher,Peterson,sbrown@example.org,582-530-0969x9903,False,Christopher Peterson,0
5479,Elizabeth,Schaefer,walkerdesiree@example.com,001-879-249-3580,False,Elizabeth Schaefer,0
5480,David,Roth,sarah28@example.net,610-252-6059x425,False,David Roth,0
5481,Michael,Lowe,schneidertravis@example.com,(905)769-0361,False,Michael Lowe,0
5482,Kathryn,Hamilton,dustin02@example.net,001-651-924-6563x18444,False,Kathryn Hamilton,0
5483,Renee,Coleman,arthur50@example.org,(293)537-1085x8366,False,Renee Coleman,0
5484,Nicholas,Rowland,rachel89@example.net,(965)205-7672,True,Nicholas Rowland,19345
5485,Eric,Scott,elizabethdiaz@example.org,+1-498-862-6052x32496,True,Eric Scott,4975
5486,David,Harrison,harold32@example.net,001-383-908-2437x253,False,David Harrison,0
5487,Michelle,Cooper,jenniferkey@example.net,821-985-2197x323,False,Michelle Cooper,0
5488,Benjamin,Miller,mariowolf@example.com,(337)954-3476x355,False,Benjamin Miller,0
5489,Robert,Watkins,morgan25@example.org,(899)687-7550,False,Robert Watkins,0
5490,Jason,Williams,whitestephen@example.net,001-788-497-3780x340,False,Jason Williams,0
5491,Colleen,Adams,dmcdonald@example.org,896.520.3141x5394,False,Colleen Adams,0
5492,Raven,Salazar,angela17@example.com,+1-363-244-9000,False,Raven Salazar,0
5493,Robert,Woods,theresalloyd@example.org,272-942-7250,False,Robert Woods,0
5494,Cynthia,Bryant,ipeck@example.org,+1-571-448-8555x79568,False,Cynthia Bryant,0
5495,Daniel,Peters,josephglover@example.net,(201)237-4855x99827,False,Daniel Peters,0
5496,Ashlee,Hughes,carrollrussell@example.net,(246)356-7226x1470,True,Ashlee Hughes,4674
5497,Kevin,Leonard,gloverrebecca@example.com,688-806-6834x983,False,Kevin Leonard,0
5498,Deborah,Ellis,hernandezvalerie@example.com,+1-212-272-1098,False,Deborah Ellis,0
5499,Nicole,Green,fserrano@example.org,001-828-941-0853,False,Nicole Green,0
